{
  "val": {
    "split": "validation",
    "rmse": 0.8782698976698884,
    "r2": 0.980663537979126,
    "maape": 0.12149307876825333,
    "accuracy_within_tol": 0.34212287511711953
  },
  "test": {
    "split": "test",
    "rmse": 0.8978160533310242,
    "r2": 0.97991544008255,
    "maape": 0.12326345592737198,
    "accuracy_within_tol": 0.3353854389721627
  }
}