{
  "val": {
    "split": "validation",
    "rmse": 0.8845722921984809,
    "r2": 0.9803246855735779,
    "maape": 0.10949505865573883,
    "accuracy_within_tol": 0.4628563779949137
  },
  "test": {
    "split": "test",
    "rmse": 0.8760420520674274,
    "r2": 0.9809631705284119,
    "maape": 0.11104410886764526,
    "accuracy_within_tol": 0.44954496788008563
  }
}