{
  "val": {
    "split": "validation",
    "rmse": 0.7613632649932528,
    "r2": 0.9852876587650318,
    "maape": 0.0323294200175258,
    "accuracy_within_tol": 0.932940704055682
  },
  "test": {
    "split": "test",
    "rmse": 0.7962120001709103,
    "r2": 0.984172079494388,
    "maape": 0.03174948200104135,
    "accuracy_within_tol": 0.9325481798715204
  }
}