{
  "val": {
    "split": "validation",
    "rmse": 0.8940006664858218,
    "r2": 0.9799646139144897,
    "maape": 0.07037621736526489,
    "accuracy_within_tol": 0.3688930531388034
  },
  "test": {
    "split": "test",
    "rmse": 0.8505418943439949,
    "r2": 0.9819748401641846,
    "maape": 0.06994996219873428,
    "accuracy_within_tol": 0.3506423982869379
  }
}