{
  "val": {
    "split": "validation",
    "rmse": 0.7831084843482474,
    "r2": 0.9846426844596863,
    "maape": 0.07360537350177765,
    "accuracy_within_tol": 0.6681836434212287
  },
  "test": {
    "split": "test",
    "rmse": 0.8481061242630799,
    "r2": 0.981879711151123,
    "maape": 0.0722595825791359,
    "accuracy_within_tol": 0.6816113490364025
  }
}