{
  "val": {
    "split": "validation",
    "rmse": 0.8636906667066215,
    "r2": 0.9810672192817204,
    "maape": 0.049302525834760726,
    "accuracy_within_tol": 0.8713692946058091
  },
  "test": {
    "split": "test",
    "rmse": 0.9046742176144758,
    "r2": 0.9795661194742558,
    "maape": 0.047942303081235225,
    "accuracy_within_tol": 0.8758029978586723
  }
}